Feature,|Pearson r|
SMOKING,0.7512861066716126
PM25,0.45944301301423723
POVERTY,0.36279422343439865
SO2,0.3295818897803599
Year,0.16648361131751432
NO2,0.16580635750159323
